<?xml version="1.0" encoding="UTF-8"?>
<GenRun Id="impl_1" LaunchPart="xc7a100tcsg324-1" LaunchTime="1705693589">
  <File Type="ROUTE-PWR" Name="TOP_LAVADORA_power_routed.rpt"/>
  <File Type="PA-TCL" Name="TOP_LAVADORA.tcl"/>
  <File Type="ROUTE-PWR-SUM" Name="TOP_LAVADORA_power_summary_routed.pb"/>
  <File Type="REPORTS-TCL" Name="TOP_LAVADORA_reports.tcl"/>
  <File Type="OPT-RQA-PB" Name="TOP_LAVADORA_rqa_opted.pb"/>
  <File Type="BITSTR-MMI" Name="TOP_LAVADORA.mmi"/>
  <File Type="OPT-METHODOLOGY-DRC" Name="TOP_LAVADORA_methodology_drc_opted.rpt"/>
  <File Type="INIT-TIMING" Name="TOP_LAVADORA_timing_summary_init.rpt"/>
  <File Type="OPT-TIMING" Name="TOP_LAVADORA_timing_summary_opted.rpt"/>
  <File Type="OPT-DCP" Name="TOP_LAVADORA_opt.dcp"/>
  <File Type="OPT-DRC" Name="TOP_LAVADORA_drc_opted.rpt"/>
  <File Type="OPT-HWDEF" Name="TOP_LAVADORA.hwdef"/>
  <File Type="PWROPT-DCP" Name="TOP_LAVADORA_pwropt.dcp"/>
  <File Type="PWROPT-DRC" Name="TOP_LAVADORA_drc_pwropted.rpt"/>
  <File Type="PWROPT-TIMING" Name="TOP_LAVADORA_timing_summary_pwropted.rpt"/>
  <File Type="PLACE-DCP" Name="TOP_LAVADORA_placed.dcp"/>
  <File Type="PLACE-IO" Name="TOP_LAVADORA_io_placed.rpt"/>
  <File Type="PLACE-CLK" Name="TOP_LAVADORA_clock_utilization_placed.rpt"/>
  <File Type="PLACE-UTIL" Name="TOP_LAVADORA_utilization_placed.rpt"/>
  <File Type="PLACE-UTIL-PB" Name="TOP_LAVADORA_utilization_placed.pb"/>
  <File Type="PLACE-CTRL" Name="TOP_LAVADORA_control_sets_placed.rpt"/>
  <File Type="PLACE-SIMILARITY" Name="TOP_LAVADORA_incremental_reuse_placed.rpt"/>
  <File Type="PLACE-PRE-SIMILARITY" Name="TOP_LAVADORA_incremental_reuse_pre_placed.rpt"/>
  <File Type="BG-BIN" Name="TOP_LAVADORA.bin"/>
  <File Type="PLACE-TIMING" Name="TOP_LAVADORA_timing_summary_placed.rpt"/>
  <File Type="ROUTE-PWR-RPX" Name="TOP_LAVADORA_power_routed.rpx"/>
  <File Type="PLACE-RQA-PB" Name="TOP_LAVADORA_rqa_placed.pb"/>
  <File Type="POSTPLACE-PWROPT-DCP" Name="TOP_LAVADORA_postplace_pwropt.dcp"/>
  <File Type="BITSTR-MSK" Name="TOP_LAVADORA.msk"/>
  <File Type="POSTPLACE-PWROPT-TIMING" Name="TOP_LAVADORA_timing_summary_postplace_pwropted.rpt"/>
  <File Type="PHYSOPT-DCP" Name="TOP_LAVADORA_physopt.dcp"/>
  <File Type="PHYSOPT-DRC" Name="TOP_LAVADORA_drc_physopted.rpt"/>
  <File Type="BITSTR-RBT" Name="TOP_LAVADORA.rbt"/>
  <File Type="PHYSOPT-TIMING" Name="TOP_LAVADORA_timing_summary_physopted.rpt"/>
  <File Type="ROUTE-ERROR-DCP" Name="TOP_LAVADORA_routed_error.dcp"/>
  <File Type="ROUTE-DCP" Name="TOP_LAVADORA_routed.dcp"/>
  <File Type="ROUTE-BLACKBOX-DCP" Name="TOP_LAVADORA_routed_bb.dcp"/>
  <File Type="ROUTE-DRC" Name="TOP_LAVADORA_drc_routed.rpt"/>
  <File Type="ROUTE-DRC-PB" Name="TOP_LAVADORA_drc_routed.pb"/>
  <File Type="ROUTE-DRC-RPX" Name="TOP_LAVADORA_drc_routed.rpx"/>
  <File Type="ROUTE-METHODOLOGY-DRC" Name="TOP_LAVADORA_methodology_drc_routed.rpt"/>
  <File Type="ROUTE-METHODOLOGY-DRC-RPX" Name="TOP_LAVADORA_methodology_drc_routed.rpx"/>
  <File Type="ROUTE-METHODOLOGY-DRC-PB" Name="TOP_LAVADORA_methodology_drc_routed.pb"/>
  <File Type="ROUTE-RQS-PB" Name="TOP_LAVADORA_rqs_routed.pb"/>
  <File Type="ROUTE-STATUS" Name="TOP_LAVADORA_route_status.rpt"/>
  <File Type="ROUTE-STATUS-PB" Name="TOP_LAVADORA_route_status.pb"/>
  <File Type="ROUTE-TIMINGSUMMARY" Name="TOP_LAVADORA_timing_summary_routed.rpt"/>
  <File Type="ROUTE-TIMING-PB" Name="TOP_LAVADORA_timing_summary_routed.pb"/>
  <File Type="ROUTE-TIMING-RPX" Name="TOP_LAVADORA_timing_summary_routed.rpx"/>
  <File Type="ROUTE-SIMILARITY" Name="TOP_LAVADORA_incremental_reuse_routed.rpt"/>
  <File Type="ROUTE-CLK" Name="TOP_LAVADORA_clock_utilization_routed.rpt"/>
  <File Type="ROUTE-BUS-SKEW" Name="TOP_LAVADORA_bus_skew_routed.rpt"/>
  <File Type="ROUTE-BUS-SKEW-PB" Name="TOP_LAVADORA_bus_skew_routed.pb"/>
  <File Type="ROUTE-BUS-SKEW-RPX" Name="TOP_LAVADORA_bus_skew_routed.rpx"/>
  <File Type="POSTROUTE-PHYSOPT-DCP" Name="TOP_LAVADORA_postroute_physopt.dcp"/>
  <File Type="POSTROUTE-PHYSOPT-BLACKBOX-DCP" Name="TOP_LAVADORA_postroute_physopt_bb.dcp"/>
  <File Type="POSTROUTE-PHYSOPT-TIMING" Name="TOP_LAVADORA_timing_summary_postroute_physopted.rpt"/>
  <File Type="POSTROUTE-PHYSOPT-TIMING-PB" Name="TOP_LAVADORA_timing_summary_postroute_physopted.pb"/>
  <File Type="POSTROUTE-PHYSOPT-TIMING-RPX" Name="TOP_LAVADORA_timing_summary_postroute_physopted.rpx"/>
  <File Type="POSTROUTE-PHYSOPT-BUS-SKEW" Name="TOP_LAVADORA_bus_skew_postroute_physopted.rpt"/>
  <File Type="BG-BIT" Name="TOP_LAVADORA.bit"/>
  <File Type="POSTROUTE-PHYSOPT-BUS-SKEW-PB" Name="TOP_LAVADORA_bus_skew_postroute_physopted.pb"/>
  <File Type="POSTROUTE-PHYSOPT-BUS-SKEW-RPX" Name="TOP_LAVADORA_bus_skew_postroute_physopted.rpx"/>
  <File Type="BITSTR-NKY" Name="TOP_LAVADORA.nky"/>
  <File Type="BITSTR-BMM" Name="TOP_LAVADORA_bd.bmm"/>
  <File Type="PDI-FILE" Name="TOP_LAVADORA.pdi"/>
  <File Type="BOOT-PDI-FILE" Name="TOP_LAVADORA_soc.pdi"/>
  <File Type="PL-PDI-FILE" Name="TOP_LAVADORA_pld.pdi"/>
  <File Type="RCFI_FILE" Name="TOP_LAVADORA.rcfi"/>
  <File Type="CFI_FILE" Name="TOP_LAVADORA.cfi"/>
  <File Type="RNPI_FILE" Name="TOP_LAVADORA.rnpi"/>
  <File Type="NPI_FILE" Name="TOP_LAVADORA.npi"/>
  <File Type="RBD_FILE" Name="TOP_LAVADORA.rbd"/>
  <File Type="BITSTR-LTX" Name="debug_nets.ltx"/>
  <File Type="BITSTR-LTX" Name="TOP_LAVADORA.ltx"/>
  <File Type="BITSTR-SYSDEF" Name="TOP_LAVADORA.sysdef"/>
  <File Type="BG-BGN" Name="TOP_LAVADORA.bgn"/>
  <File Type="BG-DRC" Name="TOP_LAVADORA.drc"/>
  <File Type="RDI-RDI" Name="TOP_LAVADORA.vdi"/>
  <File Type="WBT-USG" Name="usage_statistics_webtalk.html"/>
  <File Type="ROUTE-RQS" Name="TOP_LAVADORA_routed.rqs"/>
  <File Type="POSTROUTE-PHYSOPT-RQS" Name="TOP_LAVADORA_postroute_physopted.rqs"/>
  <File Type="ROUTE-RQS-RPT" Name="route_report_qor_suggestions_0.rpt"/>
  <File Type="POSTROUTE-PHYSOPT-RQS-RPT" Name="postroute_physopt_report_qor_suggestions_0.rpt"/>
  <FileSet Name="sources" Type="DesignSrcs" RelSrcDir="$PSRCDIR/sources_1" RelGenDir="$PGENDIR/sources_1">
    <Filter Type="Srcs"/>
    <File Path="$PSRCDIR/sources_1/new/DECODER.vhd">
      <FileInfo>
        <Attr Name="UsedIn" Val="synthesis"/>
        <Attr Name="UsedIn" Val="simulation"/>
      </FileInfo>
    </File>
    <File Path="$PSRCDIR/sources_1/new/DETECTORFLANCO.vhd">
      <FileInfo>
        <Attr Name="UsedIn" Val="synthesis"/>
        <Attr Name="UsedIn" Val="simulation"/>
      </FileInfo>
    </File>
    <File Path="$PSRCDIR/sources_1/new/DIVISOR_FRECUENCIA.vhd">
      <FileInfo>
        <Attr Name="UsedIn" Val="synthesis"/>
        <Attr Name="UsedIn" Val="simulation"/>
      </FileInfo>
    </File>
    <File Path="$PSRCDIR/sources_1/new/MAQUINAESTADOS.vhd">
      <FileInfo>
        <Attr Name="UsedIn" Val="synthesis"/>
        <Attr Name="UsedIn" Val="simulation"/>
      </FileInfo>
    </File>
    <File Path="$PSRCDIR/sources_1/new/SINCRONIZADOR.vhd">
      <FileInfo>
        <Attr Name="UsedIn" Val="synthesis"/>
        <Attr Name="UsedIn" Val="simulation"/>
      </FileInfo>
    </File>
    <File Path="$PSRCDIR/sources_1/new/TOP.vhd">
      <FileInfo>
        <Attr Name="UsedIn" Val="synthesis"/>
        <Attr Name="UsedIn" Val="simulation"/>
      </FileInfo>
    </File>
    <Config>
      <Option Name="DesignMode" Val="RTL"/>
      <Option Name="TopModule" Val="TOP_LAVADORA"/>
      <Option Name="TopAutoSet" Val="TRUE"/>
    </Config>
  </FileSet>
  <FileSet Name="constrs_in" Type="Constrs" RelSrcDir="$PSRCDIR/constrs_1" RelGenDir="$PGENDIR/constrs_1">
    <Filter Type="Constrs"/>
    <File Path="$PSRCDIR/constrs_1/new/CONSTRAINTS.xdc">
      <FileInfo>
        <Attr Name="UsedIn" Val="synthesis"/>
        <Attr Name="UsedIn" Val="implementation"/>
      </FileInfo>
    </File>
    <Config>
      <Option Name="ConstrsType" Val="XDC"/>
    </Config>
  </FileSet>
  <FileSet Name="utils" Type="Utils" RelSrcDir="$PSRCDIR/utils_1" RelGenDir="$PGENDIR/utils_1">
    <Filter Type="Utils"/>
    <File Path="$PSRCDIR/utils_1/imports/synth_1/TOP_LAVADORA.dcp">
      <FileInfo>
        <Attr Name="UsedIn" Val="synthesis"/>
        <Attr Name="UsedIn" Val="implementation"/>
        <Attr Name="UsedInSteps" Val="synth_1"/>
        <Attr Name="AutoDcp" Val="1"/>
      </FileInfo>
    </File>
    <Config>
      <Option Name="TopAutoSet" Val="TRUE"/>
    </Config>
  </FileSet>
  <Strategy Version="1" Minor="2">
    <StratHandle Name="Vivado Implementation Defaults" Flow="Vivado Implementation 2023"/>
    <Step Id="init_design"/>
    <Step Id="opt_design"/>
    <Step Id="power_opt_design"/>
    <Step Id="place_design"/>
    <Step Id="post_place_power_opt_design"/>
    <Step Id="phys_opt_design"/>
    <Step Id="route_design"/>
    <Step Id="post_route_phys_opt_design"/>
    <Step Id="write_bitstream">
      <Option Id="BinFile">1</Option>
    </Step>
  </Strategy>
</GenRun>
